上位のページ,クリック数,表示回数,CTR,掲載順位
https://camp-gear-lab.com/articles/landlock-vs-landnest-shelter,13,59,22.03%,6.27
https://camp-gear-lab.com/articles/spring-camp-clothing-guide,1,26,3.85%,6.27
https://camp-gear-lab.com/articles/backpack-ranking,1,4,25%,11.75
https://camp-gear-lab.com/articles/gw-camp-guide-2026,0,43,0%,7.65
https://camp-gear-lab.com/articles/multi-burner-ranking,0,16,0%,73.56
https://camp-gear-lab.com/articles/spring-sleeping-bag-guide,0,12,0%,11.67
https://camp-gear-lab.com/articles/nanga-sleeping-bag-comparison,0,12,0%,47.5
https://camp-gear-lab.com/articles/gas-lantern-ranking,0,7,0%,66.14
https://camp-gear-lab.com/articles/gw-camping-gear-budget,0,5,0%,4.6
https://camp-gear-lab.com/articles/firepit-beginner-guide,0,4,0%,68.5
https://camp-gear-lab.com/articles/led-tent-light-ranking,0,2,0%,10
https://camp-gear-lab.com/articles/family-tent-ranking,0,2,0%,35.5